
{"source":2,"id":1,"revision":2,"name":"Ambassador Communication Station-ASP.NET Core-CI - CD","description":null,"createdBy":{"id":"154e982b-29ae-4c82-87c7-27c0e6588d78","displayName":"Michael Christopher Duggan","uniqueName":"M13kd@facebook.com","url":"https://app.vssps.visualstudio.com/A85c82b9c-9080-43f1-86e1-1c5de1dcbf75/_apis/Identities/154e982b-29ae-4c82-87c7-27c0e6588d78","imageUrl":"https://m13kd.visualstudio.com/_api/_common/identityImage?id=154e982b-29ae-4c82-87c7-27c0e6588d78"},"createdOn":"2017-07-20T14:33:16.550Z","modifiedBy":{"id":"154e982b-29ae-4c82-87c7-27c0e6588d78","displayName":"Michael Christopher Duggan","uniqueName":"M13kd@facebook.com","url":"https://app.vssps.visualstudio.com/A85c82b9c-9080-43f1-86e1-1c5de1dcbf75/_apis/Identities/154e982b-29ae-4c82-87c7-27c0e6588d78","imageUrl":"https://m13kd.visualstudio.com/_api/_common/identityImage?id=154e982b-29ae-4c82-87c7-27c0e6588d78"},"modifiedOn":"2017-07-20T14:42:33.613Z","path":"\\","variables":{},"variableGroups":[],"environments":[{"id":1,"name":"Environment 1","rank":1,"owner":{"id":"154e982b-29ae-4c82-87c7-27c0e6588d78","displayName":"Michael Christopher Duggan","uniqueName":"M13kd@facebook.com","url":"https://app.vssps.visualstudio.com/A85c82b9c-9080-43f1-86e1-1c5de1dcbf75/_apis/Identities/154e982b-29ae-4c82-87c7-27c0e6588d78","imageUrl":"https://m13kd.visualstudio.com/_api/_common/identityImage?id=154e982b-29ae-4c82-87c7-27c0e6588d78"},"variables":{},"preDeployApprovals":{"approvals":[{"rank":1,"isAutomated":true,"isNotificationOn":false,"id":1}]},"deployStep":{"tasks":[],"id":2},"postDeployApprovals":{"approvals":[{"rank":1,"isAutomated":true,"isNotificationOn":false,"id":3}]},"deployPhases":[{"deploymentInput":{"parallelExecution":{"parallelExecutionType":"none"},"skipArtifactsDownload":false,"queueId":2,"demands":[],"enableAccessToken":false,"timeoutInMinutes":0,"jobCancelTimeoutInMinutes":1},"rank":1,"phaseType":1,"name":"Agent phase","workflowTasks":[]}],"environmentOptions":{"emailNotificationType":"OnlyOnFailure","emailRecipients":"release.environment.owner;release.creator","skipArtifactsDownload":false,"timeoutInMinutes":0,"enableAccessToken":false,"publishDeploymentStatus":false},"demands":[],"conditions":[{"name":"ReleaseStarted","conditionType":1,"value":""}],"executionPolicy":{"concurrencyCount":0,"queueDepthCount":0},"schedules":[],"retentionPolicy":{"daysToKeep":30,"releasesToKeep":3,"retainBuild":true},"processParameters":{},"properties":{}},{"id":2,"name":"Copy of Environment 1","rank":2,"owner":{"id":"154e982b-29ae-4c82-87c7-27c0e6588d78","displayName":"Michael Christopher Duggan","uniqueName":"M13kd@facebook.com","url":"https://app.vssps.visualstudio.com/A85c82b9c-9080-43f1-86e1-1c5de1dcbf75/_apis/Identities/154e982b-29ae-4c82-87c7-27c0e6588d78","imageUrl":"https://m13kd.visualstudio.com/_api/_common/identityImage?id=154e982b-29ae-4c82-87c7-27c0e6588d78"},"variables":{},"preDeployApprovals":{"approvals":[{"rank":1,"isAutomated":true,"isNotificationOn":false,"id":4}]},"deployStep":{"tasks":[],"id":7},"postDeployApprovals":{"approvals":[{"rank":1,"isAutomated":true,"isNotificationOn":false,"id":8}]},"deployPhases":[{"deploymentInput":{"parallelExecution":{"parallelExecutionType":"none"},"skipArtifactsDownload":false,"queueId":2,"demands":[],"enableAccessToken":false,"timeoutInMinutes":0,"jobCancelTimeoutInMinutes":1},"rank":1,"phaseType":1,"name":"Agent phase","workflowTasks":[]}],"environmentOptions":{"emailNotificationType":"OnlyOnFailure","emailRecipients":"release.environment.owner;release.creator","skipArtifactsDownload":false,"timeoutInMinutes":0,"enableAccessToken":false,"publishDeploymentStatus":false},"demands":[],"conditions":[{"name":"Environment 1","conditionType":2,"value":"4"}],"executionPolicy":{"concurrencyCount":0,"queueDepthCount":0},"schedules":[],"retentionPolicy":{"daysToKeep":30,"releasesToKeep":3,"retainBuild":true},"processParameters":{},"properties":{}},{"id":3,"name":"Environment 2","rank":3,"owner":{"id":"154e982b-29ae-4c82-87c7-27c0e6588d78","displayName":"Michael Christopher Duggan","uniqueName":"M13kd@facebook.com","url":"https://app.vssps.visualstudio.com/A85c82b9c-9080-43f1-86e1-1c5de1dcbf75/_apis/Identities/154e982b-29ae-4c82-87c7-27c0e6588d78","imageUrl":"https://m13kd.visualstudio.com/_api/_common/identityImage?id=154e982b-29ae-4c82-87c7-27c0e6588d78"},"variables":{},"preDeployApprovals":{"approvals":[{"rank":1,"isAutomated":true,"isNotificationOn":false,"id":5}]},"deployStep":{"tasks":[],"id":6},"postDeployApprovals":{"approvals":[{"rank":1,"isAutomated":true,"isNotificationOn":false,"id":9}]},"deployPhases":[{"deploymentInput":{"parallelExecution":{"parallelExecutionType":"none"},"skipArtifactsDownload":false,"queueId":2,"demands":[],"enableAccessToken":false,"timeoutInMinutes":0,"jobCancelTimeoutInMinutes":1},"rank":1,"phaseType":1,"name":"Run on agent","workflowTasks":[{"taskId":"ef087383-ee5e-42c7-9a53-ab56c98420f9","version":"2.*","name":"Test run for Test plans","enabled":true,"alwaysRun":false,"continueOnError":true,"timeoutInMinutes":0,"definitionType":"task","overrideInputs":{},"condition":"succeeded()","inputs":{"testSelector":"testRun","testAssemblyVer2":"**\\*test*.dll\n!**\\obj\\**","testPlan":"1","testSuite":"","testConfiguration":"1","tcmTestRun":"$(test.RunId)","searchFolder":"$(System.DefaultWorkingDirectory)","testFiltercriteria":"","runOnlyImpactedTests":"false","runAllTestsAfterXBuilds":"50","uiTests":"false","vstestLocationMethod":"version","vsTestVersion":"15.0","vstestLocation":"","runSettingsFile":"","overrideTestrunParameters":"","runInParallel":"false","runTestsInIsolation":"false","pathtoCustomTestAdapters":"","codeCoverageEnabled":"false","otherConsoleOptions":"","testRunTitle":"","platform":"","configuration":"","publishRunAttachments":"true"}}]}],"environmentOptions":{"emailNotificationType":"OnlyOnFailure","emailRecipients":"release.environment.owner;release.creator","skipArtifactsDownload":false,"timeoutInMinutes":0,"enableAccessToken":false,"publishDeploymentStatus":false},"demands":[],"conditions":[{"name":"Copy of Environment 1","conditionType":2,"value":"4"}],"executionPolicy":{"concurrencyCount":0,"queueDepthCount":0},"schedules":[],"retentionPolicy":{"daysToKeep":30,"releasesToKeep":3,"retainBuild":true},"processParameters":{},"properties":{"OnDemandTestingTemplateId":{"$type":"System.String","$value":"d71806bb-e40f-4b12-87da-ad76f3edea34"}}}],"artifacts":[{"sourceId":"4513a923-4a03-4326-a0e0-64f43911c7aa:8","type":"Build","alias":"Ambassador Communication Station-ASP.NET Core-CI","definitionReference":{"artifactSourceDefinitionUrl":{"id":"https://m13kd.visualstudio.com/_permalink/_build/index?collectionId=5a9e1cef-be48-48e3-afa1-c40ba8b3b58a&projectId=4513a923-4a03-4326-a0e0-64f43911c7aa&definitionId=8","name":""},"defaultVersionBranch":{"id":"","name":""},"defaultVersionSpecific":{"id":"","name":""},"defaultVersionTags":{"id":"","name":""},"defaultVersionType":{"id":"latestType","name":"Latest"},"definition":{"id":"8","name":"Ambassador Communication Station-ASP.NET Core-CI"},"project":{"id":"4513a923-4a03-4326-a0e0-64f43911c7aa","name":"Ambassador Communication Station"}},"isPrimary":true}],"triggers":[{"artifactAlias":"Ambassador Communication Station-ASP.NET Core-CI","triggerConditions":[{"sourceBranch":"MSFT_LIVE_ROCKS","tags":[]}],"triggerType":1},{"artifactAlias":"Ambassador Communication Station-ASP.NET Core-CI","triggerConditions":[{"sourceBranch":"master","tags":[]}],"triggerType":1}],"releaseNameFormat":"","url":"https://m13kd.vsrm.visualstudio.com/4513a923-4a03-4326-a0e0-64f43911c7aa/_apis/Release/definitions/1","_links":{"self":{"href":"https://m13kd.vsrm.visualstudio.com/4513a923-4a03-4326-a0e0-64f43911c7aa/_apis/Release/definitions/1"},"web":{"href":"https://m13kd.visualstudio.com/4513a923-4a03-4326-a0e0-64f43911c7aa/_release?definitionId=1"}},"tags":[],"properties":{}}